date,alert_hours,year,month,weekday
2022-03-15,42,2022,3,Tuesday
2022-03-16,217,2022,3,Wednesday
2022-03-17,146,2022,3,Thursday
2022-03-18,145,2022,3,Friday
2022-03-19,110,2022,3,Saturday
2022-03-20,118,2022,3,Sunday
2022-03-21,241,2022,3,Monday
2022-03-22,291,2022,3,Tuesday
2022-03-23,133,2022,3,Wednesday
2022-03-24,136,2022,3,Thursday
2022-03-25,184,2022,3,Friday
2022-03-26,190,2022,3,Saturday
2022-03-27,112,2022,3,Sunday
2022-03-28,141,2022,3,Monday
2022-03-29,226,2022,3,Tuesday
2022-03-30,141,2022,3,Wednesday
2022-03-31,148,2022,3,Thursday
2022-04-01,85,2022,4,Friday
2022-04-02,170,2022,4,Saturday
2022-04-03,175,2022,4,Sunday
2022-04-04,159,2022,4,Monday
2022-04-05,135,2022,4,Tuesday
2022-04-06,78,2022,4,Wednesday
2022-04-07,86,2022,4,Thursday
2022-04-08,93,2022,4,Friday
2022-04-09,89,2022,4,Saturday
2022-04-10,97,2022,4,Sunday
2022-04-11,89,2022,4,Monday
2022-04-12,85,2022,4,Tuesday
2022-04-13,61,2022,4,Wednesday
2022-04-14,138,2022,4,Thursday
2022-04-15,177,2022,4,Friday
2022-04-16,188,2022,4,Saturday
2022-04-17,83,2022,4,Sunday
2022-04-18,227,2022,4,Monday
2022-04-19,84,2022,4,Tuesday
2022-04-20,77,2022,4,Wednesday
2022-04-21,113,2022,4,Thursday
2022-04-22,54,2022,4,Friday
2022-04-23,143,2022,4,Saturday
2022-04-24,124,2022,4,Sunday
2022-04-25,242,2022,4,Monday
2022-04-26,77,2022,4,Tuesday
2022-04-27,75,2022,4,Wednesday
2022-04-28,138,2022,4,Thursday
2022-04-29,74,2022,4,Friday
2022-04-30,63,2022,4,Saturday
2022-05-01,42,2022,5,Sunday
2022-05-02,57,2022,5,Monday
2022-05-03,160,2022,5,Tuesday
2022-05-04,119,2022,5,Wednesday
2022-05-05,157,2022,5,Thursday
2022-05-06,108,2022,5,Friday
2022-05-07,118,2022,5,Saturday
2022-05-08,207,2022,5,Sunday
2022-05-09,106,2022,5,Monday
2022-05-10,44,2022,5,Tuesday
2022-05-11,53,2022,5,Wednesday
2022-05-12,113,2022,5,Thursday
2022-05-13,116,2022,5,Friday
2022-05-14,54,2022,5,Saturday
2022-05-15,133,2022,5,Sunday
2022-05-16,57,2022,5,Monday
2022-05-17,173,2022,5,Tuesday
2022-05-18,136,2022,5,Wednesday
2022-05-19,42,2022,5,Thursday
2022-05-20,196,2022,5,Friday
2022-05-21,95,2022,5,Saturday
2022-05-22,120,2022,5,Sunday
2022-05-23,185,2022,5,Monday
2022-05-24,93,2022,5,Tuesday
2022-05-25,203,2022,5,Wednesday
2022-05-26,139,2022,5,Thursday
2022-05-27,119,2022,5,Friday
2022-05-28,88,2022,5,Saturday
2022-05-29,53,2022,5,Sunday
2022-05-30,102,2022,5,Monday
2022-05-31,46,2022,5,Tuesday
2022-06-01,131,2022,6,Wednesday
2022-06-02,52,2022,6,Thursday
2022-06-03,112,2022,6,Friday
2022-06-04,96,2022,6,Saturday
2022-06-05,131,2022,6,Sunday
2022-06-06,91,2022,6,Monday
2022-06-07,75,2022,6,Tuesday
2022-06-08,105,2022,6,Wednesday
2022-06-09,93,2022,6,Thursday
2022-06-10,51,2022,6,Friday
2022-06-11,64,2022,6,Saturday
2022-06-12,45,2022,6,Sunday
2022-06-13,73,2022,6,Monday
2022-06-14,132,2022,6,Tuesday
2022-06-15,82,2022,6,Wednesday
2022-06-16,107,2022,6,Thursday
2022-06-17,48,2022,6,Friday
2022-06-18,102,2022,6,Saturday
2022-06-19,75,2022,6,Sunday
2022-06-20,67,2022,6,Monday
2022-06-21,53,2022,6,Tuesday
2022-06-22,53,2022,6,Wednesday
2022-06-23,152,2022,6,Thursday
2022-06-24,112,2022,6,Friday
2022-06-25,178,2022,6,Saturday
2022-06-26,210,2022,6,Sunday
2022-06-27,135,2022,6,Monday
2022-06-28,108,2022,6,Tuesday
2022-06-29,42,2022,6,Wednesday
2022-06-30,38,2022,6,Thursday
2022-07-01,40,2022,7,Friday
2022-07-02,33,2022,7,Saturday
2022-07-03,71,2022,7,Sunday
2022-07-04,28,2022,7,Monday
2022-07-05,133,2022,7,Tuesday
2022-07-06,61,2022,7,Wednesday
2022-07-07,71,2022,7,Thursday
2022-07-08,17,2022,7,Friday
2022-07-09,33,2022,7,Saturday
2022-07-10,25,2022,7,Sunday
2022-07-11,41,2022,7,Monday
2022-07-12,93,2022,7,Tuesday
2022-07-13,85,2022,7,Wednesday
2022-07-14,140,2022,7,Thursday
2022-07-15,109,2022,7,Friday
2022-07-16,128,2022,7,Saturday
2022-07-17,33,2022,7,Sunday
2022-07-18,92,2022,7,Monday
2022-07-19,83,2022,7,Tuesday
2022-07-20,45,2022,7,Wednesday
2022-07-21,26,2022,7,Thursday
2022-07-22,26,2022,7,Friday
2022-07-23,127,2022,7,Saturday
2022-07-24,102,2022,7,Sunday
2022-07-25,111,2022,7,Monday
2022-07-26,77,2022,7,Tuesday
2022-07-27,92,2022,7,Wednesday
2022-07-28,140,2022,7,Thursday
2022-07-29,97,2022,7,Friday
2022-07-30,67,2022,7,Saturday
2022-07-31,104,2022,7,Sunday
2022-08-01,49,2022,8,Monday
2022-08-02,89,2022,8,Tuesday
2022-08-03,38,2022,8,Wednesday
2022-08-04,46,2022,8,Thursday
2022-08-05,99,2022,8,Friday
2022-08-06,32,2022,8,Saturday
2022-08-07,99,2022,8,Sunday
2022-08-08,144,2022,8,Monday
2022-08-09,42,2022,8,Tuesday
2022-08-10,53,2022,8,Wednesday
2022-08-11,122,2022,8,Thursday
2022-08-12,63,2022,8,Friday
2022-08-13,92,2022,8,Saturday
2022-08-14,42,2022,8,Sunday
2022-08-15,63,2022,8,Monday
2022-08-16,109,2022,8,Tuesday
2022-08-17,99,2022,8,Wednesday
2022-08-18,80,2022,8,Thursday
2022-08-19,66,2022,8,Friday
2022-08-20,187,2022,8,Saturday
2022-08-21,97,2022,8,Sunday
2022-08-22,95,2022,8,Monday
2022-08-23,83,2022,8,Tuesday
2022-08-24,327,2022,8,Wednesday
2022-08-25,67,2022,8,Thursday
2022-08-26,46,2022,8,Friday
2022-08-27,40,2022,8,Saturday
2022-08-28,62,2022,8,Sunday
2022-08-29,101,2022,8,Monday
2022-08-30,66,2022,8,Tuesday
2022-08-31,102,2022,8,Wednesday
2022-09-01,66,2022,9,Thursday
2022-09-02,119,2022,9,Friday
2022-09-03,74,2022,9,Saturday
2022-09-04,96,2022,9,Sunday
2022-09-05,83,2022,9,Monday
2022-09-06,99,2022,9,Tuesday
2022-09-07,95,2022,9,Wednesday
2022-09-08,57,2022,9,Thursday
2022-09-09,56,2022,9,Friday
2022-09-10,67,2022,9,Saturday
2022-09-11,177,2022,9,Sunday
2022-09-12,66,2022,9,Monday
2022-09-13,68,2022,9,Tuesday
2022-09-14,95,2022,9,Wednesday
2022-09-15,149,2022,9,Thursday
2022-09-16,82,2022,9,Friday
2022-09-17,91,2022,9,Saturday
2022-09-18,45,2022,9,Sunday
2022-09-19,62,2022,9,Monday
2022-09-20,63,2022,9,Tuesday
2022-09-21,80,2022,9,Wednesday
2022-09-22,150,2022,9,Thursday
2022-09-23,66,2022,9,Friday
2022-09-24,72,2022,9,Saturday
2022-09-25,77,2022,9,Sunday
2022-09-26,78,2022,9,Monday
2022-09-27,53,2022,9,Tuesday
2022-09-28,58,2022,9,Wednesday
2022-09-29,87,2022,9,Thursday
2022-09-30,117,2022,9,Friday
2022-10-01,102,2022,10,Saturday
2022-10-02,59,2022,10,Sunday
2022-10-03,107,2022,10,Monday
2022-10-04,106,2022,10,Tuesday
2022-10-05,79,2022,10,Wednesday
2022-10-06,128,2022,10,Thursday
2022-10-07,61,2022,10,Friday
2022-10-08,72,2022,10,Saturday
2022-10-09,139,2022,10,Sunday
2022-10-10,199,2022,10,Monday
2022-10-11,192,2022,10,Tuesday
2022-10-12,132,2022,10,Wednesday
2022-10-13,131,2022,10,Thursday
2022-10-14,70,2022,10,Friday
2022-10-15,102,2022,10,Saturday
2022-10-16,131,2022,10,Sunday
2022-10-17,236,2022,10,Monday
2022-10-18,169,2022,10,Tuesday
2022-10-19,125,2022,10,Wednesday
2022-10-20,88,2022,10,Thursday
2022-10-21,112,2022,10,Friday
2022-10-22,203,2022,10,Saturday
2022-10-23,54,2022,10,Sunday
2022-10-24,88,2022,10,Monday
2022-10-25,48,2022,10,Tuesday
2022-10-26,241,2022,10,Wednesday
2022-10-27,145,2022,10,Thursday
2022-10-28,41,2022,10,Friday
2022-10-29,103,2022,10,Saturday
2022-10-30,34,2022,10,Sunday
2022-10-31,158,2022,10,Monday
2022-11-01,110,2022,11,Tuesday
2022-11-02,83,2022,11,Wednesday
2022-11-03,54,2022,11,Thursday
2022-11-04,128,2022,11,Friday
2022-11-05,109,2022,11,Saturday
2022-11-06,32,2022,11,Sunday
2022-11-07,73,2022,11,Monday
2022-11-08,77,2022,11,Tuesday
2022-11-09,98,2022,11,Wednesday
2022-11-10,59,2022,11,Thursday
2022-11-11,71,2022,11,Friday
2022-11-12,99,2022,11,Saturday
2022-11-13,145,2022,11,Sunday
2022-11-14,49,2022,11,Monday
2022-11-15,174,2022,11,Tuesday
2022-11-16,92,2022,11,Wednesday
2022-11-17,110,2022,11,Thursday
2022-11-18,16,2022,11,Friday
2022-11-19,33,2022,11,Saturday
2022-11-20,60,2022,11,Sunday
2022-11-21,20,2022,11,Monday
2022-11-22,18,2022,11,Tuesday
2022-11-23,110,2022,11,Wednesday
2022-11-24,18,2022,11,Thursday
2022-11-25,19,2022,11,Friday
2022-11-26,28,2022,11,Saturday
2022-11-27,25,2022,11,Sunday
2022-11-28,35,2022,11,Monday
2022-11-29,65,2022,11,Tuesday
2022-11-30,46,2022,11,Wednesday
2022-12-01,66,2022,12,Thursday
2022-12-02,32,2022,12,Friday
2022-12-03,73,2022,12,Saturday
2022-12-04,48,2022,12,Sunday
2022-12-05,128,2022,12,Monday
2022-12-06,45,2022,12,Tuesday
2022-12-07,79,2022,12,Wednesday
2022-12-08,68,2022,12,Thursday
2022-12-09,44,2022,12,Friday
2022-12-10,38,2022,12,Saturday
2022-12-11,53,2022,12,Sunday
2022-12-12,30,2022,12,Monday
2022-12-13,69,2022,12,Tuesday
2022-12-14,56,2022,12,Wednesday
2022-12-15,38,2022,12,Thursday
2022-12-16,147,2022,12,Friday
2022-12-17,117,2022,12,Saturday
2022-12-18,33,2022,12,Sunday
2022-12-19,80,2022,12,Monday
2022-12-20,26,2022,12,Tuesday
2022-12-21,107,2022,12,Wednesday
2022-12-22,71,2022,12,Thursday
2022-12-23,65,2022,12,Friday
2022-12-24,50,2022,12,Saturday
2022-12-25,163,2022,12,Sunday
2022-12-26,19,2022,12,Monday
2022-12-27,97,2022,12,Tuesday
2022-12-28,125,2022,12,Wednesday
2022-12-29,146,2022,12,Thursday
2022-12-30,96,2022,12,Friday
2022-12-31,142,2022,12,Saturday
2023-01-01,128,2023,1,Sunday
2023-01-02,97,2023,1,Monday
2023-01-03,38,2023,1,Tuesday
2023-01-04,119,2023,1,Wednesday
2023-01-05,31,2023,1,Thursday
2023-01-06,117,2023,1,Friday
2023-01-07,56,2023,1,Saturday
2023-01-08,34,2023,1,Sunday
2023-01-09,45,2023,1,Monday
2023-01-10,30,2023,1,Tuesday
2023-01-11,37,2023,1,Wednesday
2023-01-12,32,2023,1,Thursday
2023-01-13,28,2023,1,Friday
2023-01-14,149,2023,1,Saturday
2023-01-15,31,2023,1,Sunday
2023-01-16,43,2023,1,Monday
2023-01-17,32,2023,1,Tuesday
2023-01-18,31,2023,1,Wednesday
2023-01-19,84,2023,1,Thursday
2023-01-20,117,2023,1,Friday
2023-01-21,19,2023,1,Saturday
2023-01-22,42,2023,1,Sunday
2023-01-23,31,2023,1,Monday
2023-01-24,90,2023,1,Tuesday
2023-01-25,175,2023,1,Wednesday
2023-01-26,234,2023,1,Thursday
2023-01-27,67,2023,1,Friday
2023-01-28,68,2023,1,Saturday
2023-01-29,43,2023,1,Sunday
2023-01-30,55,2023,1,Monday
2023-01-31,130,2023,1,Tuesday
2023-02-01,41,2023,2,Wednesday
2023-02-02,38,2023,2,Thursday
2023-02-03,147,2023,2,Friday
2023-02-04,111,2023,2,Saturday
2023-02-05,51,2023,2,Sunday
2023-02-06,41,2023,2,Monday
2023-02-07,51,2023,2,Tuesday
2023-02-08,68,2023,2,Wednesday
2023-02-09,83,2023,2,Thursday
2023-02-10,307,2023,2,Friday
2023-02-11,61,2023,2,Saturday
2023-02-12,24,2023,2,Sunday
2023-02-13,31,2023,2,Monday
2023-02-14,72,2023,2,Tuesday
2023-02-15,42,2023,2,Wednesday
2023-02-16,141,2023,2,Thursday
2023-02-17,168,2023,2,Friday
2023-02-18,82,2023,2,Saturday
2023-02-19,69,2023,2,Sunday
2023-02-20,118,2023,2,Monday
2023-02-21,32,2023,2,Tuesday
2023-02-22,101,2023,2,Wednesday
2023-02-23,75,2023,2,Thursday
2023-02-24,65,2023,2,Friday
2023-02-25,129,2023,2,Saturday
2023-02-26,43,2023,2,Sunday
2023-02-27,129,2023,2,Monday
2023-02-28,60,2023,2,Tuesday
2023-03-01,86,2023,3,Wednesday
2023-03-02,105,2023,3,Thursday
2023-03-03,100,2023,3,Friday
2023-03-04,86,2023,3,Saturday
2023-03-05,88,2023,3,Sunday
2023-03-06,134,2023,3,Monday
2023-03-07,103,2023,3,Tuesday
2023-03-08,28,2023,3,Wednesday
2023-03-09,250,2023,3,Thursday
2023-03-10,115,2023,3,Friday
2023-03-11,29,2023,3,Saturday
2023-03-12,36,2023,3,Sunday
2023-03-13,87,2023,3,Monday
2023-03-14,200,2023,3,Tuesday
2023-03-15,144,2023,3,Wednesday
2023-03-16,84,2023,3,Thursday
2023-03-17,99,2023,3,Friday
2023-03-18,151,2023,3,Saturday
2023-03-19,35,2023,3,Sunday
2023-03-20,80,2023,3,Monday
2023-03-21,45,2023,3,Tuesday
2023-03-22,169,2023,3,Wednesday
2023-03-23,114,2023,3,Thursday
2023-03-24,72,2023,3,Friday
2023-03-25,41,2023,3,Saturday
2023-03-26,47,2023,3,Sunday
2023-03-27,72,2023,3,Monday
2023-03-28,67,2023,3,Tuesday
2023-03-29,30,2023,3,Wednesday
2023-03-30,69,2023,3,Thursday
2023-03-31,59,2023,3,Friday
2023-04-01,43,2023,4,Saturday
2023-04-02,47,2023,4,Sunday
2023-04-03,44,2023,4,Monday
2023-04-04,125,2023,4,Tuesday
2023-04-05,30,2023,4,Wednesday
2023-04-06,44,2023,4,Thursday
2023-04-07,36,2023,4,Friday
2023-04-08,48,2023,4,Saturday
2023-04-09,34,2023,4,Sunday
2023-04-10,31,2023,4,Monday
2023-04-11,39,2023,4,Tuesday
2023-04-12,42,2023,4,Wednesday
2023-04-13,71,2023,4,Thursday
2023-04-14,40,2023,4,Friday
2023-04-15,45,2023,4,Saturday
2023-04-16,71,2023,4,Sunday
2023-04-17,48,2023,4,Monday
2023-04-18,84,2023,4,Tuesday
2023-04-19,53,2023,4,Wednesday
2023-04-20,40,2023,4,Thursday
2023-04-21,119,2023,4,Friday
2023-04-22,30,2023,4,Saturday
2023-04-23,44,2023,4,Sunday
2023-04-24,52,2023,4,Monday
2023-04-25,39,2023,4,Tuesday
2023-04-26,72,2023,4,Wednesday
2023-04-27,51,2023,4,Thursday
2023-04-28,169,2023,4,Friday
2023-04-29,43,2023,4,Saturday
2023-04-30,37,2023,4,Sunday
2023-05-01,125,2023,5,Monday
2023-05-02,70,2023,5,Tuesday
2023-05-03,113,2023,5,Wednesday
2023-05-04,110,2023,5,Thursday
2023-05-05,97,2023,5,Friday
2023-05-06,83,2023,5,Saturday
2023-05-07,88,2023,5,Sunday
2023-05-08,140,2023,5,Monday
2023-05-09,123,2023,5,Tuesday
2023-05-10,55,2023,5,Wednesday
2023-05-11,81,2023,5,Thursday
2023-05-12,56,2023,5,Friday
2023-05-13,160,2023,5,Saturday
2023-05-14,159,2023,5,Sunday
2023-05-15,127,2023,5,Monday
2023-05-16,137,2023,5,Tuesday
2023-05-17,98,2023,5,Wednesday
2023-05-18,210,2023,5,Thursday
2023-05-19,151,2023,5,Friday
2023-05-20,88,2023,5,Saturday
2023-05-21,53,2023,5,Sunday
2023-05-22,169,2023,5,Monday
2023-05-23,61,2023,5,Tuesday
2023-05-24,74,2023,5,Wednesday
2023-05-25,89,2023,5,Thursday
2023-05-26,127,2023,5,Friday
2023-05-27,51,2023,5,Saturday
2023-05-28,126,2023,5,Sunday
2023-05-29,199,2023,5,Monday
2023-05-30,69,2023,5,Tuesday
2023-05-31,26,2023,5,Wednesday
2023-06-01,81,2023,6,Thursday
2023-06-02,157,2023,6,Friday
2023-06-03,40,2023,6,Saturday
2023-06-04,153,2023,6,Sunday
2023-06-05,91,2023,6,Monday
2023-06-06,144,2023,6,Tuesday
2023-06-07,104,2023,6,Wednesday
2023-06-08,121,2023,6,Thursday
2023-06-09,142,2023,6,Friday
2023-06-10,106,2023,6,Saturday
2023-06-11,67,2023,6,Sunday
2023-06-12,51,2023,6,Monday
2023-06-13,150,2023,6,Tuesday
2023-06-14,107,2023,6,Wednesday
2023-06-15,183,2023,6,Thursday
2023-06-16,110,2023,6,Friday
2023-06-17,70,2023,6,Saturday
2023-06-18,43,2023,6,Sunday
2023-06-19,70,2023,6,Monday
2023-06-20,131,2023,6,Tuesday
2023-06-21,78,2023,6,Wednesday
2023-06-22,73,2023,6,Thursday
2023-06-23,162,2023,6,Friday
2023-06-24,145,2023,6,Saturday
2023-06-25,40,2023,6,Sunday
2023-06-26,68,2023,6,Monday
2023-06-27,73,2023,6,Tuesday
2023-06-28,71,2023,6,Wednesday
2023-06-29,81,2023,6,Thursday
2023-06-30,37,2023,6,Friday
2023-07-01,51,2023,7,Saturday
2023-07-02,113,2023,7,Sunday
2023-07-03,84,2023,7,Monday
2023-07-04,74,2023,7,Tuesday
2023-07-05,92,2023,7,Wednesday
2023-07-06,119,2023,7,Thursday
2023-07-07,106,2023,7,Friday
2023-07-08,64,2023,7,Saturday
2023-07-09,32,2023,7,Sunday
2023-07-10,67,2023,7,Monday
2023-07-11,110,2023,7,Tuesday
2023-07-12,92,2023,7,Wednesday
2023-07-13,131,2023,7,Thursday
2023-07-14,122,2023,7,Friday
2023-07-15,84,2023,7,Saturday
2023-07-16,80,2023,7,Sunday
2023-07-17,64,2023,7,Monday
2023-07-18,85,2023,7,Tuesday
2023-07-19,154,2023,7,Wednesday
2023-07-20,141,2023,7,Thursday
2023-07-21,99,2023,7,Friday
2023-07-22,66,2023,7,Saturday
2023-07-23,70,2023,7,Sunday
2023-07-24,81,2023,7,Monday
2023-07-25,135,2023,7,Tuesday
2023-07-26,185,2023,7,Wednesday
2023-07-27,83,2023,7,Thursday
2023-07-28,90,2023,7,Friday
2023-07-29,56,2023,7,Saturday
2023-07-30,94,2023,7,Sunday
2023-07-31,133,2023,7,Monday
2023-08-01,155,2023,8,Tuesday
2023-08-02,150,2023,8,Wednesday
2023-08-03,94,2023,8,Thursday
2023-08-04,109,2023,8,Friday
2023-08-05,212,2023,8,Saturday
2023-08-06,142,2023,8,Sunday
2023-08-07,74,2023,8,Monday
2023-08-08,110,2023,8,Tuesday
2023-08-09,194,2023,8,Wednesday
2023-08-10,118,2023,8,Thursday
2023-08-11,83,2023,8,Friday
2023-08-12,63,2023,8,Saturday
2023-08-13,73,2023,8,Sunday
2023-08-14,76,2023,8,Monday
2023-08-15,210,2023,8,Tuesday
2023-08-16,83,2023,8,Wednesday
2023-08-17,226,2023,8,Thursday
2023-08-18,84,2023,8,Friday
2023-08-19,135,2023,8,Saturday
2023-08-20,51,2023,8,Sunday
2023-08-21,64,2023,8,Monday
2023-08-22,108,2023,8,Tuesday
2023-08-23,104,2023,8,Wednesday
2023-08-24,126,2023,8,Thursday
2023-08-25,192,2023,8,Friday
2023-08-26,83,2023,8,Saturday
2023-08-27,130,2023,8,Sunday
2023-08-28,90,2023,8,Monday
2023-08-29,80,2023,8,Tuesday
2023-08-30,159,2023,8,Wednesday
2023-08-31,64,2023,8,Thursday
2023-09-01,90,2023,9,Friday
2023-09-02,56,2023,9,Saturday
2023-09-03,66,2023,9,Sunday
2023-09-04,117,2023,9,Monday
2023-09-05,75,2023,9,Tuesday
2023-09-06,122,2023,9,Wednesday
2023-09-07,100,2023,9,Thursday
2023-09-08,106,2023,9,Friday
2023-09-09,50,2023,9,Saturday
2023-09-10,82,2023,9,Sunday
2023-09-11,106,2023,9,Monday
2023-09-12,70,2023,9,Tuesday
2023-09-13,90,2023,9,Wednesday
2023-09-14,58,2023,9,Thursday
2023-09-15,67,2023,9,Friday
2023-09-16,75,2023,9,Saturday
2023-09-17,131,2023,9,Sunday
2023-09-18,158,2023,9,Monday
2023-09-19,147,2023,9,Tuesday
2023-09-20,122,2023,9,Wednesday
2023-09-21,193,2023,9,Thursday
2023-09-22,99,2023,9,Friday
2023-09-23,84,2023,9,Saturday
2023-09-24,70,2023,9,Sunday
2023-09-25,118,2023,9,Monday
2023-09-26,160,2023,9,Tuesday
2023-09-27,77,2023,9,Wednesday
2023-09-28,87,2023,9,Thursday
2023-09-29,133,2023,9,Friday
2023-09-30,127,2023,9,Saturday
2023-10-01,113,2023,10,Sunday
2023-10-02,76,2023,10,Monday
2023-10-03,80,2023,10,Tuesday
2023-10-04,101,2023,10,Wednesday
2023-10-05,102,2023,10,Thursday
2023-10-06,97,2023,10,Friday
2023-10-07,81,2023,10,Saturday
2023-10-08,28,2023,10,Sunday
2023-10-09,64,2023,10,Monday
2023-10-10,65,2023,10,Tuesday
2023-10-11,113,2023,10,Wednesday
2023-10-12,92,2023,10,Thursday
2023-10-13,80,2023,10,Friday
2023-10-14,78,2023,10,Saturday
2023-10-15,83,2023,10,Sunday
2023-10-16,112,2023,10,Monday
2023-10-17,81,2023,10,Tuesday
2023-10-18,111,2023,10,Wednesday
2023-10-19,124,2023,10,Thursday
2023-10-20,73,2023,10,Friday
2023-10-21,89,2023,10,Saturday
2023-10-22,107,2023,10,Sunday
2023-10-23,117,2023,10,Monday
2023-10-24,133,2023,10,Tuesday
2023-10-25,115,2023,10,Wednesday
2023-10-26,66,2023,10,Thursday
2023-10-27,57,2023,10,Friday
2023-10-28,142,2023,10,Saturday
2023-10-29,124,2023,10,Sunday
2023-10-30,96,2023,10,Monday
2023-10-31,146,2023,10,Tuesday
2023-11-01,110,2023,11,Wednesday
2023-11-02,138,2023,11,Thursday
2023-11-03,129,2023,11,Friday
2023-11-04,157,2023,11,Saturday
2023-11-05,92,2023,11,Sunday
2023-11-06,86,2023,11,Monday
2023-11-07,85,2023,11,Tuesday
2023-11-08,114,2023,11,Wednesday
2023-11-09,66,2023,11,Thursday
2023-11-10,238,2023,11,Friday
2023-11-11,166,2023,11,Saturday
2023-11-12,65,2023,11,Sunday
2023-11-13,98,2023,11,Monday
2023-11-14,169,2023,11,Tuesday
2023-11-15,124,2023,11,Wednesday
2023-11-16,92,2023,11,Thursday
2023-11-17,113,2023,11,Friday
2023-11-18,119,2023,11,Saturday
2023-11-19,61,2023,11,Sunday
2023-11-20,62,2023,11,Monday
2023-11-21,118,2023,11,Tuesday
2023-11-22,75,2023,11,Wednesday
2023-11-23,72,2023,11,Thursday
2023-11-24,84,2023,11,Friday
2023-11-25,138,2023,11,Saturday
2023-11-26,57,2023,11,Sunday
2023-11-27,113,2023,11,Monday
2023-11-28,179,2023,11,Tuesday
2023-11-29,55,2023,11,Wednesday
2023-11-30,127,2023,11,Thursday
2023-12-01,100,2023,12,Friday
2023-12-02,127,2023,12,Saturday
2023-12-03,147,2023,12,Sunday
2023-12-04,98,2023,12,Monday
2023-12-05,124,2023,12,Tuesday
2023-12-06,154,2023,12,Wednesday
2023-12-07,125,2023,12,Thursday
2023-12-08,114,2023,12,Friday
2023-12-09,53,2023,12,Saturday
2023-12-10,112,2023,12,Sunday
2023-12-11,73,2023,12,Monday
2023-12-12,53,2023,12,Tuesday
2023-12-13,61,2023,12,Wednesday
2023-12-14,227,2023,12,Thursday
2023-12-15,71,2023,12,Friday
2023-12-16,125,2023,12,Saturday
2023-12-17,120,2023,12,Sunday
2023-12-18,40,2023,12,Monday
2023-12-19,77,2023,12,Tuesday
2023-12-20,181,2023,12,Wednesday
2023-12-21,105,2023,12,Thursday
2023-12-22,145,2023,12,Friday
2023-12-23,85,2023,12,Saturday
2023-12-24,112,2023,12,Sunday
2023-12-25,114,2023,12,Monday
2023-12-26,192,2023,12,Tuesday
2023-12-27,125,2023,12,Wednesday
2023-12-28,101,2023,12,Thursday
2023-12-29,246,2023,12,Friday
2023-12-30,181,2023,12,Saturday
2023-12-31,260,2023,12,Sunday
2024-01-01,225,2024,1,Monday
2024-01-02,240,2024,1,Tuesday
2024-01-03,107,2024,1,Wednesday
2024-01-04,100,2024,1,Thursday
2024-01-05,120,2024,1,Friday
2024-01-06,159,2024,1,Saturday
2024-01-07,161,2024,1,Sunday
2024-01-08,149,2024,1,Monday
2024-01-09,89,2024,1,Tuesday
2024-01-10,95,2024,1,Wednesday
2024-01-11,84,2024,1,Thursday
2024-01-12,80,2024,1,Friday
2024-01-13,202,2024,1,Saturday
2024-01-14,88,2024,1,Sunday
2024-01-15,75,2024,1,Monday
2024-01-16,105,2024,1,Tuesday
2024-01-17,185,2024,1,Wednesday
2024-01-18,182,2024,1,Thursday
2024-01-19,58,2024,1,Friday
2024-01-20,71,2024,1,Saturday
2024-01-21,104,2024,1,Sunday
2024-01-22,155,2024,1,Monday
2024-01-23,276,2024,1,Tuesday
2024-01-24,152,2024,1,Wednesday
2024-01-25,42,2024,1,Thursday
2024-01-26,102,2024,1,Friday
2024-01-27,53,2024,1,Saturday
2024-01-28,88,2024,1,Sunday
2024-01-29,110,2024,1,Monday
2024-01-30,131,2024,1,Tuesday
2024-01-31,169,2024,1,Wednesday
2024-02-01,85,2024,2,Thursday
2024-02-02,121,2024,2,Friday
2024-02-03,128,2024,2,Saturday
2024-02-04,37,2024,2,Sunday
2024-02-05,61,2024,2,Monday
2024-02-06,76,2024,2,Tuesday
2024-02-07,214,2024,2,Wednesday
2024-02-08,102,2024,2,Thursday
2024-02-09,145,2024,2,Friday
2024-02-10,85,2024,2,Saturday
2024-02-11,86,2024,2,Sunday
2024-02-12,75,2024,2,Monday
2024-02-13,73,2024,2,Tuesday
2024-02-14,95,2024,2,Wednesday
2024-02-15,218,2024,2,Thursday
2024-02-16,128,2024,2,Friday
2024-02-17,127,2024,2,Saturday
2024-02-18,55,2024,2,Sunday
2024-02-19,109,2024,2,Monday
2024-02-20,127,2024,2,Tuesday
2024-02-21,143,2024,2,Wednesday
2024-02-22,106,2024,2,Thursday
2024-02-23,110,2024,2,Friday
2024-02-24,94,2024,2,Saturday
2024-02-25,142,2024,2,Sunday
2024-02-26,151,2024,2,Monday
2024-02-27,112,2024,2,Tuesday
2024-02-28,106,2024,2,Wednesday
2024-02-29,76,2024,2,Thursday
2024-03-01,98,2024,3,Friday
2024-03-02,85,2024,3,Saturday
2024-03-03,82,2024,3,Sunday
2024-03-04,93,2024,3,Monday
2024-03-05,109,2024,3,Tuesday
2024-03-06,184,2024,3,Wednesday
2024-03-07,145,2024,3,Thursday
2024-03-08,142,2024,3,Friday
2024-03-09,103,2024,3,Saturday
2024-03-10,131,2024,3,Sunday
2024-03-11,177,2024,3,Monday
2024-03-12,160,2024,3,Tuesday
2024-03-13,92,2024,3,Wednesday
2024-03-14,222,2024,3,Thursday
2024-03-15,149,2024,3,Friday
2024-03-16,113,2024,3,Saturday
2024-03-17,183,2024,3,Sunday
2024-03-18,128,2024,3,Monday
2024-03-19,147,2024,3,Tuesday
2024-03-20,99,2024,3,Wednesday
2024-03-21,163,2024,3,Thursday
2024-03-22,219,2024,3,Friday
2024-03-23,177,2024,3,Saturday
2024-03-24,204,2024,3,Sunday
2024-03-25,139,2024,3,Monday
2024-03-26,100,2024,3,Tuesday
2024-03-27,135,2024,3,Wednesday
2024-03-28,184,2024,3,Thursday
2024-03-29,235,2024,3,Friday
2024-03-30,159,2024,3,Saturday
2024-03-31,174,2024,3,Sunday
2024-04-01,91,2024,4,Monday
2024-04-02,66,2024,4,Tuesday
2024-04-03,88,2024,4,Wednesday
2024-04-04,160,2024,4,Thursday
2024-04-05,167,2024,4,Friday
2024-04-06,194,2024,4,Saturday
2024-04-07,93,2024,4,Sunday
2024-04-08,160,2024,4,Monday
2024-04-09,149,2024,4,Tuesday
2024-04-10,129,2024,4,Wednesday
2024-04-11,182,2024,4,Thursday
2024-04-12,135,2024,4,Friday
2024-04-13,111,2024,4,Saturday
2024-04-14,71,2024,4,Sunday
2024-04-15,110,2024,4,Monday
2024-04-16,103,2024,4,Tuesday
2024-04-17,103,2024,4,Wednesday
2024-04-18,155,2024,4,Thursday
2024-04-19,219,2024,4,Friday
2024-04-20,161,2024,4,Saturday
2024-04-21,62,2024,4,Sunday
2024-04-22,113,2024,4,Monday
2024-04-23,140,2024,4,Tuesday
2024-04-24,92,2024,4,Wednesday
2024-04-25,176,2024,4,Thursday
2024-04-26,131,2024,4,Friday
2024-04-27,224,2024,4,Saturday
2024-04-28,109,2024,4,Sunday
2024-04-29,79,2024,4,Monday
2024-04-30,112,2024,4,Tuesday
2024-05-01,119,2024,5,Wednesday
2024-05-02,104,2024,5,Thursday
2024-05-03,219,2024,5,Friday
2024-05-04,135,2024,5,Saturday
2024-05-05,96,2024,5,Sunday
2024-05-06,125,2024,5,Monday
2024-05-07,76,2024,5,Tuesday
2024-05-08,215,2024,5,Wednesday
2024-05-09,148,2024,5,Thursday
2024-05-10,159,2024,5,Friday
2024-05-11,130,2024,5,Saturday
2024-05-12,157,2024,5,Sunday
2024-05-13,262,2024,5,Monday
2024-05-14,126,2024,5,Tuesday
2024-05-15,112,2024,5,Wednesday
2024-05-16,103,2024,5,Thursday
2024-05-17,182,2024,5,Friday
2024-05-18,127,2024,5,Saturday
2024-05-19,200,2024,5,Sunday
2024-05-20,256,2024,5,Monday
2024-05-21,154,2024,5,Tuesday
2024-05-22,165,2024,5,Wednesday
2024-05-23,158,2024,5,Thursday
2024-05-24,152,2024,5,Friday
2024-05-25,130,2024,5,Saturday
2024-05-26,231,2024,5,Sunday
2024-05-27,106,2024,5,Monday
2024-05-28,151,2024,5,Tuesday
2024-05-29,164,2024,5,Wednesday
2024-05-30,186,2024,5,Thursday
2024-05-31,153,2024,5,Friday
2024-06-01,258,2024,6,Saturday
2024-06-02,160,2024,6,Sunday
2024-06-03,104,2024,6,Monday
2024-06-04,159,2024,6,Tuesday
2024-06-05,191,2024,6,Wednesday
2024-06-06,138,2024,6,Thursday
2024-06-07,188,2024,6,Friday
2024-06-08,94,2024,6,Saturday
2024-06-09,123,2024,6,Sunday
2024-06-10,126,2024,6,Monday
2024-06-11,139,2024,6,Tuesday
2024-06-12,211,2024,6,Wednesday
2024-06-13,113,2024,6,Thursday
2024-06-14,274,2024,6,Friday
2024-06-15,149,2024,6,Saturday
2024-06-16,92,2024,6,Sunday
2024-06-17,116,2024,6,Monday
2024-06-18,105,2024,6,Tuesday
2024-06-19,173,2024,6,Wednesday
2024-06-20,193,2024,6,Thursday
2024-06-21,213,2024,6,Friday
2024-06-22,238,2024,6,Saturday
2024-06-23,124,2024,6,Sunday
2024-06-24,178,2024,6,Monday
2024-06-25,139,2024,6,Tuesday
2024-06-26,108,2024,6,Wednesday
2024-06-27,200,2024,6,Thursday
2024-06-28,113,2024,6,Friday
2024-06-29,176,2024,6,Saturday
2024-06-30,114,2024,6,Sunday
2024-07-01,198,2024,7,Monday
2024-07-02,162,2024,7,Tuesday
2024-07-03,144,2024,7,Wednesday
2024-07-04,150,2024,7,Thursday
2024-07-05,184,2024,7,Friday
2024-07-06,178,2024,7,Saturday
2024-07-07,110,2024,7,Sunday
2024-07-08,269,2024,7,Monday
2024-07-09,155,2024,7,Tuesday
2024-07-10,213,2024,7,Wednesday
2024-07-11,257,2024,7,Thursday
2024-07-12,154,2024,7,Friday
2024-07-13,131,2024,7,Saturday
2024-07-14,111,2024,7,Sunday
2024-07-15,142,2024,7,Monday
2024-07-16,150,2024,7,Tuesday
2024-07-17,163,2024,7,Wednesday
2024-07-18,131,2024,7,Thursday
2024-07-19,97,2024,7,Friday
2024-07-20,116,2024,7,Saturday
2024-07-21,154,2024,7,Sunday
2024-07-22,114,2024,7,Monday
2024-07-23,120,2024,7,Tuesday
2024-07-24,184,2024,7,Wednesday
2024-07-25,155,2024,7,Thursday
2024-07-26,125,2024,7,Friday
2024-07-27,133,2024,7,Saturday
2024-07-28,115,2024,7,Sunday
2024-07-29,90,2024,7,Monday
2024-07-30,141,2024,7,Tuesday
2024-07-31,232,2024,7,Wednesday
2024-08-01,144,2024,8,Thursday
2024-08-02,162,2024,8,Friday
2024-08-03,172,2024,8,Saturday
2024-08-04,87,2024,8,Sunday
2024-08-05,202,2024,8,Monday
2024-08-06,141,2024,8,Tuesday
2024-08-07,190,2024,8,Wednesday
2024-08-08,160,2024,8,Thursday
2024-08-09,168,2024,8,Friday
2024-08-10,135,2024,8,Saturday
2024-08-11,230,2024,8,Sunday
2024-08-12,128,2024,8,Monday
2024-08-13,192,2024,8,Tuesday
2024-08-14,184,2024,8,Wednesday
2024-08-15,183,2024,8,Thursday
2024-08-16,210,2024,8,Friday
2024-08-17,159,2024,8,Saturday
2024-08-18,156,2024,8,Sunday
2024-08-19,154,2024,8,Monday
2024-08-20,167,2024,8,Tuesday
2024-08-21,235,2024,8,Wednesday
2024-08-22,134,2024,8,Thursday
2024-08-23,126,2024,8,Friday
2024-08-24,161,2024,8,Saturday
2024-08-25,124,2024,8,Sunday
2024-08-26,298,2024,8,Monday
2024-08-27,270,2024,8,Tuesday
2024-08-28,140,2024,8,Wednesday
2024-08-29,210,2024,8,Thursday
2024-08-30,127,2024,8,Friday
2024-08-31,172,2024,8,Saturday
2024-09-01,134,2024,9,Sunday
2024-09-02,198,2024,9,Monday
2024-09-03,165,2024,9,Tuesday
2024-09-04,240,2024,9,Wednesday
2024-09-05,234,2024,9,Thursday
2024-09-06,186,2024,9,Friday
2024-09-07,200,2024,9,Saturday
2024-09-08,122,2024,9,Sunday
2024-09-09,141,2024,9,Monday
2024-09-10,178,2024,9,Tuesday
2024-09-11,166,2024,9,Wednesday
2024-09-12,227,2024,9,Thursday
2024-09-13,145,2024,9,Friday
2024-09-14,183,2024,9,Saturday
2024-09-15,140,2024,9,Sunday
2024-09-16,177,2024,9,Monday
2024-09-17,141,2024,9,Tuesday
2024-09-18,178,2024,9,Wednesday
2024-09-19,174,2024,9,Thursday
2024-09-20,234,2024,9,Friday
2024-09-21,152,2024,9,Saturday
2024-09-22,180,2024,9,Sunday
2024-09-23,150,2024,9,Monday
2024-09-24,206,2024,9,Tuesday
2024-09-25,170,2024,9,Wednesday
2024-09-26,265,2024,9,Thursday
2024-09-27,170,2024,9,Friday
2024-09-28,188,2024,9,Saturday
2024-09-29,143,2024,9,Sunday
2024-09-30,216,2024,9,Monday
2024-10-01,137,2024,10,Tuesday
2024-10-02,179,2024,10,Wednesday
2024-10-03,203,2024,10,Thursday
2024-10-04,157,2024,10,Friday
2024-10-05,140,2024,10,Saturday
2024-10-06,202,2024,10,Sunday
2024-10-07,223,2024,10,Monday
2024-10-08,148,2024,10,Tuesday
2024-10-09,163,2024,10,Wednesday
2024-10-10,188,2024,10,Thursday
2024-10-11,213,2024,10,Friday
2024-10-12,117,2024,10,Saturday
2024-10-13,130,2024,10,Sunday
2024-10-14,104,2024,10,Monday
2024-10-15,206,2024,10,Tuesday
2024-10-16,237,2024,10,Wednesday
2024-10-17,187,2024,10,Thursday
2024-10-18,232,2024,10,Friday
2024-10-19,222,2024,10,Saturday
2024-10-20,173,2024,10,Sunday
2024-10-21,251,2024,10,Monday
2024-10-22,149,2024,10,Tuesday
2024-10-23,181,2024,10,Wednesday
2024-10-24,177,2024,10,Thursday
2024-10-25,214,2024,10,Friday
2024-10-26,226,2024,10,Saturday
2024-10-27,204,2024,10,Sunday
2024-10-28,223,2024,10,Monday
2024-10-29,163,2024,10,Tuesday
2024-10-30,152,2024,10,Wednesday
2024-10-31,185,2024,10,Thursday
2024-11-01,151,2024,11,Friday
2024-11-02,220,2024,11,Saturday
2024-11-03,189,2024,11,Sunday
2024-11-04,118,2024,11,Monday
2024-11-05,178,2024,11,Tuesday
2024-11-06,160,2024,11,Wednesday
2024-11-07,198,2024,11,Thursday
2024-11-08,203,2024,11,Friday
2024-11-09,191,2024,11,Saturday
2024-11-10,208,2024,11,Sunday
2024-11-11,236,2024,11,Monday
2024-11-12,208,2024,11,Tuesday
2024-11-13,201,2024,11,Wednesday
2024-11-14,127,2024,11,Thursday
2024-11-15,131,2024,11,Friday
2024-11-16,188,2024,11,Saturday
2024-11-17,260,2024,11,Sunday
2024-11-18,151,2024,11,Monday
2024-11-19,208,2024,11,Tuesday
2024-11-20,211,2024,11,Wednesday
2024-11-21,180,2024,11,Thursday
2024-11-22,201,2024,11,Friday
2024-11-23,71,2024,11,Saturday
2024-11-24,214,2024,11,Sunday
2024-11-25,209,2024,11,Monday
2024-11-26,236,2024,11,Tuesday
2024-11-27,162,2024,11,Wednesday
2024-11-28,315,2024,11,Thursday
2024-11-29,129,2024,11,Friday
2024-11-30,95,2024,11,Saturday
2024-12-01,172,2024,12,Sunday
2024-12-02,153,2024,12,Monday
2024-12-03,193,2024,12,Tuesday
2024-12-04,141,2024,12,Wednesday
2024-12-05,155,2024,12,Thursday
2024-12-06,194,2024,12,Friday
2024-12-07,139,2024,12,Saturday
2024-12-08,176,2024,12,Sunday
2024-12-09,123,2024,12,Monday
2024-12-10,92,2024,12,Tuesday
2024-12-11,68,2024,12,Wednesday
2024-12-12,148,2024,12,Thursday
2024-12-13,258,2024,12,Friday
2024-12-14,237,2024,12,Saturday
2024-12-15,148,2024,12,Sunday
2024-12-16,117,2024,12,Monday
2024-12-17,183,2024,12,Tuesday
2024-12-18,194,2024,12,Wednesday
2024-12-19,171,2024,12,Thursday
2024-12-20,222,2024,12,Friday
2024-12-21,255,2024,12,Saturday
2024-12-22,167,2024,12,Sunday
2024-12-23,209,2024,12,Monday
2024-12-24,212,2024,12,Tuesday
2024-12-25,269,2024,12,Wednesday
2024-12-26,125,2024,12,Thursday
2024-12-27,88,2024,12,Friday
2024-12-28,75,2024,12,Saturday
2024-12-29,78,2024,12,Sunday
2024-12-30,129,2024,12,Monday
2024-12-31,209,2024,12,Tuesday
2025-01-01,197,2025,1,Wednesday
2025-01-02,200,2025,1,Thursday
2025-01-03,272,2025,1,Friday
2025-01-04,143,2025,1,Saturday
2025-01-05,196,2025,1,Sunday
2025-01-06,186,2025,1,Monday
2025-01-07,98,2025,1,Tuesday
2025-01-08,201,2025,1,Wednesday
2025-01-09,122,2025,1,Thursday
2025-01-10,167,2025,1,Friday
2025-01-11,156,2025,1,Saturday
2025-01-12,231,2025,1,Sunday
2025-01-13,195,2025,1,Monday
2025-01-14,186,2025,1,Tuesday
2025-01-15,215,2025,1,Wednesday
2025-01-16,180,2025,1,Thursday
2025-01-17,136,2025,1,Friday
2025-01-18,204,2025,1,Saturday
2025-01-19,207,2025,1,Sunday
2025-01-20,180,2025,1,Monday
2025-01-21,205,2025,1,Tuesday
2025-01-22,169,2025,1,Wednesday
2025-01-23,168,2025,1,Thursday
2025-01-24,189,2025,1,Friday
2025-01-25,144,2025,1,Saturday
2025-01-26,161,2025,1,Sunday
2025-01-27,184,2025,1,Monday
2025-01-28,203,2025,1,Tuesday
2025-01-29,168,2025,1,Wednesday
2025-01-30,175,2025,1,Thursday
2025-01-31,198,2025,1,Friday
2025-02-01,223,2025,2,Saturday
2025-02-02,215,2025,2,Sunday
2025-02-03,142,2025,2,Monday
2025-02-04,161,2025,2,Tuesday
2025-02-05,204,2025,2,Wednesday
2025-02-06,251,2025,2,Thursday
2025-02-07,181,2025,2,Friday
2025-02-08,185,2025,2,Saturday
2025-02-09,259,2025,2,Sunday
2025-02-10,203,2025,2,Monday
2025-02-11,252,2025,2,Tuesday
2025-02-12,187,2025,2,Wednesday
2025-02-13,160,2025,2,Thursday
2025-02-14,173,2025,2,Friday
2025-02-15,117,2025,2,Saturday
2025-02-16,168,2025,2,Sunday
2025-02-17,188,2025,2,Monday
2025-02-18,186,2025,2,Tuesday
2025-02-19,198,2025,2,Wednesday
2025-02-20,233,2025,2,Thursday
2025-02-21,184,2025,2,Friday
2025-02-22,162,2025,2,Saturday
2025-02-23,207,2025,2,Sunday
2025-02-24,175,2025,2,Monday
2025-02-25,254,2025,2,Tuesday
2025-02-26,166,2025,2,Wednesday
2025-02-27,169,2025,2,Thursday
2025-02-28,183,2025,2,Friday
2025-03-01,190,2025,3,Saturday
2025-03-02,141,2025,3,Sunday
2025-03-03,191,2025,3,Monday
2025-03-04,139,2025,3,Tuesday
2025-03-05,170,2025,3,Wednesday
2025-03-06,160,2025,3,Thursday
2025-03-07,264,2025,3,Friday
2025-03-08,212,2025,3,Saturday
2025-03-09,156,2025,3,Sunday
2025-03-10,166,2025,3,Monday
2025-03-11,166,2025,3,Tuesday
2025-03-12,181,2025,3,Wednesday
2025-03-13,166,2025,3,Thursday
2025-03-14,176,2025,3,Friday
2025-03-15,188,2025,3,Saturday
2025-03-16,143,2025,3,Sunday
2025-03-17,170,2025,3,Monday
2025-03-18,170,2025,3,Tuesday
2025-03-19,171,2025,3,Wednesday
2025-03-20,176,2025,3,Thursday
2025-03-21,190,2025,3,Friday
2025-03-22,168,2025,3,Saturday
2025-03-23,156,2025,3,Sunday
2025-03-24,158,2025,3,Monday
2025-03-25,141,2025,3,Tuesday
2025-03-26,165,2025,3,Wednesday
2025-03-27,176,2025,3,Thursday
2025-03-28,158,2025,3,Friday
2025-03-29,158,2025,3,Saturday
2025-03-30,151,2025,3,Sunday
2025-03-31,145,2025,3,Monday
2025-04-01,91,2025,4,Tuesday
2025-04-02,104,2025,4,Wednesday
2025-04-03,147,2025,4,Thursday
2025-04-04,165,2025,4,Friday
2025-04-05,138,2025,4,Saturday
2025-04-06,243,2025,4,Sunday
2025-04-07,111,2025,4,Monday
2025-04-08,124,2025,4,Tuesday
2025-04-09,191,2025,4,Wednesday
2025-04-10,191,2025,4,Thursday
2025-04-11,112,2025,4,Friday
2025-04-12,152,2025,4,Saturday
2025-04-13,148,2025,4,Sunday
2025-04-14,161,2025,4,Monday
2025-04-15,154,2025,4,Tuesday
2025-04-16,178,2025,4,Wednesday
2025-04-17,195,2025,4,Thursday
2025-04-18,204,2025,4,Friday
2025-04-19,137,2025,4,Saturday
2025-04-20,44,2025,4,Sunday
2025-04-21,165,2025,4,Monday
2025-04-22,127,2025,4,Tuesday
2025-04-23,164,2025,4,Wednesday
2025-04-24,246,2025,4,Thursday
2025-04-25,143,2025,4,Friday
2025-04-26,167,2025,4,Saturday
2025-04-27,148,2025,4,Sunday
2025-04-28,164,2025,4,Monday
2025-04-29,134,2025,4,Tuesday
2025-04-30,203,2025,4,Wednesday
2025-05-01,156,2025,5,Thursday
2025-05-02,168,2025,5,Friday
2025-05-03,172,2025,5,Saturday
2025-05-04,164,2025,5,Sunday
2025-05-05,159,2025,5,Monday
2025-05-06,173,2025,5,Tuesday
2025-05-07,235,2025,5,Wednesday
2025-05-08,92,2025,5,Thursday
2025-05-09,83,2025,5,Friday
2025-05-10,81,2025,5,Saturday
2025-05-11,157,2025,5,Sunday
2025-05-12,138,2025,5,Monday
2025-05-13,171,2025,5,Tuesday
2025-05-14,158,2025,5,Wednesday
2025-05-15,149,2025,5,Thursday
2025-05-16,173,2025,5,Friday
2025-05-17,179,2025,5,Saturday
2025-05-18,167,2025,5,Sunday
2025-05-19,135,2025,5,Monday
2025-05-20,138,2025,5,Tuesday
2025-05-21,138,2025,5,Wednesday
2025-05-22,182,2025,5,Thursday
2025-05-23,263,2025,5,Friday
2025-05-24,178,2025,5,Saturday
2025-05-25,235,2025,5,Sunday
2025-05-26,204,2025,5,Monday
2025-05-27,157,2025,5,Tuesday
2025-05-28,142,2025,5,Wednesday
2025-05-29,123,2025,5,Thursday
2025-05-30,124,2025,5,Friday
2025-05-31,150,2025,5,Saturday
2025-06-01,249,2025,6,Sunday
2025-06-02,155,2025,6,Monday
2025-06-03,205,2025,6,Tuesday
2025-06-04,152,2025,6,Wednesday
2025-06-05,172,2025,6,Thursday
2025-06-06,230,2025,6,Friday
2025-06-07,178,2025,6,Saturday
2025-06-08,150,2025,6,Sunday
2025-06-09,282,2025,6,Monday
2025-06-10,175,2025,6,Tuesday
2025-06-11,137,2025,6,Wednesday
2025-06-12,106,2025,6,Thursday
2025-06-13,114,2025,6,Friday
2025-06-14,130,2025,6,Saturday
2025-06-15,158,2025,6,Sunday
2025-06-16,176,2025,6,Monday
2025-06-17,223,2025,6,Tuesday
2025-06-18,143,2025,6,Wednesday
2025-06-19,154,2025,6,Thursday
2025-06-20,144,2025,6,Friday
2025-06-21,203,2025,6,Saturday
2025-06-22,143,2025,6,Sunday
2025-06-23,170,2025,6,Monday
2025-06-24,147,2025,6,Tuesday
2025-06-25,121,2025,6,Wednesday
2025-06-26,118,2025,6,Thursday
2025-06-27,231,2025,6,Friday
2025-06-28,153,2025,6,Saturday
2025-06-29,218,2025,6,Sunday
2025-06-30,143,2025,6,Monday
2025-07-01,138,2025,7,Tuesday
2025-07-02,130,2025,7,Wednesday
2025-07-03,194,2025,7,Thursday
2025-07-04,225,2025,7,Friday
2025-07-05,256,2025,7,Saturday
2025-07-06,185,2025,7,Sunday
2025-07-07,171,2025,7,Monday
2025-07-08,163,2025,7,Tuesday
2025-07-09,285,2025,7,Wednesday
2025-07-10,223,2025,7,Thursday
2025-07-11,206,2025,7,Friday
2025-07-12,239,2025,7,Saturday
2025-07-13,125,2025,7,Sunday
2025-07-14,215,2025,7,Monday
2025-07-15,264,2025,7,Tuesday
2025-07-16,174,2025,7,Wednesday
2025-07-17,114,2025,7,Thursday
2025-07-18,170,2025,7,Friday
2025-07-19,214,2025,7,Saturday
2025-07-20,160,2025,7,Sunday
2025-07-21,264,2025,7,Monday
2025-07-22,130,2025,7,Tuesday
2025-07-23,123,2025,7,Wednesday
2025-07-24,202,2025,7,Thursday
2025-07-25,165,2025,7,Friday
2025-07-26,155,2025,7,Saturday
2025-07-27,181,2025,7,Sunday
2025-07-28,251,2025,7,Monday
2025-07-29,150,2025,7,Tuesday
2025-07-30,218,2025,7,Wednesday
2025-07-31,214,2025,7,Thursday
2025-08-01,131,2025,8,Friday
2025-08-02,190,2025,8,Saturday
2025-08-03,148,2025,8,Sunday
2025-08-04,275,2025,8,Monday
2025-08-05,133,2025,8,Tuesday
2025-08-06,114,2025,8,Wednesday
2025-08-07,150,2025,8,Thursday
2025-08-08,157,2025,8,Friday
2025-08-09,121,2025,8,Saturday
2025-08-10,143,2025,8,Sunday
2025-08-11,153,2025,8,Monday
2025-08-12,149,2025,8,Tuesday
2025-08-13,131,2025,8,Wednesday
2025-08-14,140,2025,8,Thursday
2025-08-15,157,2025,8,Friday
2025-08-16,132,2025,8,Saturday
2025-08-17,143,2025,8,Sunday
2025-08-18,181,2025,8,Monday
2025-08-19,204,2025,8,Tuesday
2025-08-20,212,2025,8,Wednesday
2025-08-21,275,2025,8,Thursday
2025-08-22,113,2025,8,Friday
2025-08-23,125,2025,8,Saturday
2025-08-24,128,2025,8,Sunday
2025-08-25,138,2025,8,Monday
2025-08-26,121,2025,8,Tuesday
2025-08-27,163,2025,8,Wednesday
2025-08-28,280,2025,8,Thursday
2025-08-29,163,2025,8,Friday
2025-08-30,287,2025,8,Saturday
2025-08-31,159,2025,8,Sunday
2025-09-01,168,2025,9,Monday
2025-09-02,197,2025,9,Tuesday
2025-09-03,258,2025,9,Wednesday
2025-09-04,176,2025,9,Thursday
2025-09-05,152,2025,9,Friday
2025-09-06,217,2025,9,Saturday
2025-09-07,246,2025,9,Sunday
2025-09-08,192,2025,9,Monday
2025-09-09,156,2025,9,Tuesday
2025-09-10,307,2025,9,Wednesday
2025-09-11,174,2025,9,Thursday
2025-09-12,171,2025,9,Friday
2025-09-13,211,2025,9,Saturday
2025-09-14,155,2025,9,Sunday
2025-09-15,137,2025,9,Monday
2025-09-16,176,2025,9,Tuesday
2025-09-17,153,2025,9,Wednesday
2025-09-18,151,2025,9,Thursday
2025-09-19,169,2025,9,Friday
2025-09-20,243,2025,9,Saturday
2025-09-21,147,2025,9,Sunday
2025-09-22,203,2025,9,Monday
2025-09-23,158,2025,9,Tuesday
2025-09-24,209,2025,9,Wednesday
2025-09-25,184,2025,9,Thursday
2025-09-26,211,2025,9,Friday
2025-09-27,167,2025,9,Saturday
2025-09-28,270,2025,9,Sunday
2025-09-29,158,2025,9,Monday
2025-09-30,180,2025,9,Tuesday
2025-10-01,171,2025,10,Wednesday
2025-10-02,177,2025,10,Thursday
2025-10-03,241,2025,10,Friday
2025-10-04,161,2025,10,Saturday
2025-10-05,275,2025,10,Sunday
2025-10-06,182,2025,10,Monday
2025-10-07,213,2025,10,Tuesday
2025-10-08,180,2025,10,Wednesday
2025-10-09,180,2025,10,Thursday
2025-10-10,247,2025,10,Friday
2025-10-11,147,2025,10,Saturday
2025-10-12,173,2025,10,Sunday
2025-10-13,143,2025,10,Monday
2025-10-14,148,2025,10,Tuesday
2025-10-15,164,2025,10,Wednesday
2025-10-16,211,2025,10,Thursday
2025-10-17,154,2025,10,Friday
2025-10-18,175,2025,10,Saturday
2025-10-19,163,2025,10,Sunday
2025-10-20,154,2025,10,Monday
2025-10-21,180,2025,10,Tuesday
2025-10-22,256,2025,10,Wednesday
2025-10-23,180,2025,10,Thursday
2025-10-24,166,2025,10,Friday
2025-10-25,169,2025,10,Saturday
2025-10-26,180,2025,10,Sunday
2025-10-27,156,2025,10,Monday
2025-10-28,134,2025,10,Tuesday
2025-10-29,173,2025,10,Wednesday
2025-10-30,297,2025,10,Thursday
2025-10-31,168,2025,10,Friday
2025-11-01,182,2025,11,Saturday
2025-11-02,187,2025,11,Sunday
2025-11-03,219,2025,11,Monday
2025-11-04,153,2025,11,Tuesday
2025-11-05,159,2025,11,Wednesday
2025-11-06,200,2025,11,Thursday
2025-11-07,184,2025,11,Friday
2025-11-08,244,2025,11,Saturday
2025-11-09,168,2025,11,Sunday
2025-11-10,163,2025,11,Monday
2025-11-11,185,2025,11,Tuesday
2025-11-12,193,2025,11,Wednesday
2025-11-13,208,2025,11,Thursday
2025-11-14,255,2025,11,Friday
2025-11-15,203,2025,11,Saturday
2025-11-16,187,2025,11,Sunday
2025-11-17,165,2025,11,Monday
2025-11-18,164,2025,11,Tuesday
2025-11-19,309,2025,11,Wednesday
2025-11-20,173,2025,11,Thursday
2025-11-21,184,2025,11,Friday
2025-11-22,176,2025,11,Saturday
2025-11-23,180,2025,11,Sunday
2025-11-24,187,2025,11,Monday
2025-11-25,298,2025,11,Tuesday
2025-11-26,178,2025,11,Wednesday
2025-11-27,171,2025,11,Thursday
2025-11-28,200,2025,11,Friday
2025-11-29,269,2025,11,Saturday
2025-11-30,130,2025,11,Sunday
2025-12-01,151,2025,12,Monday
2025-12-02,131,2025,12,Tuesday
2025-12-03,158,2025,12,Wednesday
2025-12-04,144,2025,12,Thursday
2025-12-05,163,2025,12,Friday
2025-12-06,338,2025,12,Saturday
2025-12-07,210,2025,12,Sunday
2025-12-08,147,2025,12,Monday
2025-12-09,132,2025,12,Tuesday
2025-12-10,106,2025,12,Wednesday
2025-12-11,157,2025,12,Thursday
2025-12-12,165,2025,12,Friday
2025-12-13,272,2025,12,Saturday
2025-12-14,207,2025,12,Sunday
2025-12-15,148,2025,12,Monday
2025-12-16,176,2025,12,Tuesday
2025-12-17,181,2025,12,Wednesday
2025-12-18,165,2025,12,Thursday
2025-12-19,188,2025,12,Friday
2025-12-20,159,2025,12,Saturday
2025-12-21,158,2025,12,Sunday
2025-12-22,177,2025,12,Monday
2025-12-23,324,2025,12,Tuesday
2025-12-24,209,2025,12,Wednesday
2025-12-25,196,2025,12,Thursday
2025-12-26,171,2025,12,Friday
2025-12-27,302,2025,12,Saturday
2025-12-28,106,2025,12,Sunday
2025-12-29,129,2025,12,Monday
2025-12-30,166,2025,12,Tuesday
2025-12-31,222,2025,12,Wednesday
2026-01-01,258,2026,1,Thursday
2026-01-02,146,2026,1,Friday
2026-01-03,148,2026,1,Saturday
2026-01-04,174,2026,1,Sunday
2026-01-05,213,2026,1,Monday
2026-01-06,158,2026,1,Tuesday
2026-01-07,145,2026,1,Wednesday
2026-01-08,152,2026,1,Thursday
2026-01-09,189,2026,1,Friday
2026-01-10,171,2026,1,Saturday
2026-01-11,198,2026,1,Sunday
2026-01-12,235,2026,1,Monday
2026-01-13,269,2026,1,Tuesday
2026-01-14,182,2026,1,Wednesday
2026-01-15,223,2026,1,Thursday
2026-01-16,219,2026,1,Friday
2026-01-17,208,2026,1,Saturday
2026-01-18,201,2026,1,Sunday
2026-01-19,203,2026,1,Monday
2026-01-20,302,2026,1,Tuesday
2026-01-21,195,2026,1,Wednesday
2026-01-22,194,2026,1,Thursday
2026-01-23,212,2026,1,Friday
2026-01-24,285,2026,1,Saturday
2026-01-25,174,2026,1,Sunday
2026-01-26,205,2026,1,Monday
2026-01-27,200,2026,1,Tuesday
2026-01-28,223,2026,1,Wednesday
2026-01-29,180,2026,1,Thursday
2026-01-30,165,2026,1,Friday
2026-01-31,131,2026,1,Saturday
2026-02-01,205,2026,2,Sunday
2026-02-02,207,2026,2,Monday
2026-02-03,313,2026,2,Tuesday
2026-02-04,210,2026,2,Wednesday
2026-02-05,226,2026,2,Thursday
2026-02-06,280,2026,2,Friday
2026-02-07,321,2026,2,Saturday
2026-02-08,198,2026,2,Sunday
2026-02-09,226,2026,2,Monday
2026-02-10,188,2026,2,Tuesday
2026-02-11,218,2026,2,Wednesday
2026-02-12,235,2026,2,Thursday
2026-02-13,238,2026,2,Friday
2026-02-14,125,2026,2,Saturday
2026-02-15,173,2026,2,Sunday
2026-02-16,167,2026,2,Monday
2026-02-17,312,2026,2,Tuesday
2026-02-18,153,2026,2,Wednesday
2026-02-19,190,2026,2,Thursday
2026-02-20,170,2026,2,Friday
2026-02-21,197,2026,2,Saturday
2026-02-22,256,2026,2,Sunday
2026-02-23,180,2026,2,Monday
2026-02-24,161,2026,2,Tuesday
2026-02-25,175,2026,2,Wednesday
2026-02-26,257,2026,2,Thursday
2026-02-27,194,2026,2,Friday
2026-02-28,193,2026,2,Saturday
2026-03-01,197,2026,3,Sunday
2026-03-02,176,2026,3,Monday
2026-03-03,172,2026,3,Tuesday
2026-03-04,201,2026,3,Wednesday
2026-03-05,178,2026,3,Thursday
2026-03-06,196,2026,3,Friday
2026-03-07,272,2026,3,Saturday
2026-03-08,205,2026,3,Sunday
2026-03-09,207,2026,3,Monday
2026-03-10,176,2026,3,Tuesday
2026-03-11,187,2026,3,Wednesday
2026-03-12,212,2026,3,Thursday
2026-03-13,184,2026,3,Friday
2026-03-14,255,2026,3,Saturday
2026-03-15,181,2026,3,Sunday
2026-03-16,220,2026,3,Monday
2026-03-17,189,2026,3,Tuesday
2026-03-18,248,2026,3,Wednesday
2026-03-19,201,2026,3,Thursday
2026-03-20,179,2026,3,Friday
2026-03-21,170,2026,3,Saturday
2026-03-22,224,2026,3,Sunday
2026-03-23,197,2026,3,Monday
2026-03-24,334,2026,3,Tuesday
2026-03-25,195,2026,3,Wednesday
2026-03-26,186,2026,3,Thursday
2026-03-27,179,2026,3,Friday
2026-03-28,242,2026,3,Saturday
2026-03-29,328,2026,3,Sunday
2026-03-30,370,2026,3,Monday
2026-03-31,256,2026,3,Tuesday
2026-04-01,320,2026,4,Wednesday
2026-04-02,223,2026,4,Thursday
2026-04-03,296,2026,4,Friday
2026-04-04,226,2026,4,Saturday
2026-04-05,175,2026,4,Sunday
2026-04-06,187,2026,4,Monday
2026-04-07,188,2026,4,Tuesday
2026-04-08,183,2026,4,Wednesday
2026-04-09,188,2026,4,Thursday
2026-04-10,179,2026,4,Friday
2026-04-11,141,2026,4,Saturday
2026-04-12,85,2026,4,Sunday
2026-04-13,180,2026,4,Monday
2026-04-14,204,2026,4,Tuesday
2026-04-15,283,2026,4,Wednesday
2026-04-16,219,2026,4,Thursday
2026-04-17,232,2026,4,Friday
2026-04-18,169,2026,4,Saturday
2026-04-19,191,2026,4,Sunday
2026-04-20,187,2026,4,Monday
2026-04-21,170,2026,4,Tuesday
2026-04-22,205,2026,4,Wednesday
2026-04-23,205,2026,4,Thursday
2026-04-24,203,2026,4,Friday
2026-04-25,245,2026,4,Saturday
2026-04-26,149,2026,4,Sunday
2026-04-27,155,2026,4,Monday
2026-04-28,171,2026,4,Tuesday
2026-04-29,182,2026,4,Wednesday
2026-04-30,222,2026,4,Thursday
2026-05-01,245,2026,5,Friday
2026-05-02,253,2026,5,Saturday
2026-05-03,215,2026,5,Sunday
2026-05-04,199,2026,5,Monday
2026-05-05,221,2026,5,Tuesday
2026-05-06,176,2026,5,Wednesday
2026-05-07,210,2026,5,Thursday
2026-05-08,166,2026,5,Friday
2026-05-09,82,2026,5,Saturday
2026-05-10,104,2026,5,Sunday
2026-05-11,86,2026,5,Monday
2026-05-12,200,2026,5,Tuesday
2026-05-13,354,2026,5,Wednesday
2026-05-14,240,2026,5,Thursday
2026-05-15,247,2026,5,Friday
2026-05-16,272,2026,5,Saturday
2026-05-17,248,2026,5,Sunday
2026-05-18,264,2026,5,Monday
2026-05-19,242,2026,5,Tuesday
2026-05-20,203,2026,5,Wednesday
2026-05-21,182,2026,5,Thursday
2026-05-22,179,2026,5,Friday
2026-05-23,217,2026,5,Saturday
2026-05-24,283,2026,5,Sunday
2026-05-25,215,2026,5,Monday
2026-05-26,219,2026,5,Tuesday
2026-05-27,267,2026,5,Wednesday
2026-05-28,200,2026,5,Thursday
2026-05-29,270,2026,5,Friday
2026-05-30,217,2026,5,Saturday
2026-05-31,227,2026,5,Sunday
2026-06-01,224,2026,6,Monday
2026-06-02,272,2026,6,Tuesday
2026-06-03,230,2026,6,Wednesday
2026-06-04,223,2026,6,Thursday
2026-06-05,223,2026,6,Friday
2026-06-06,195,2026,6,Saturday
2026-06-07,215,2026,6,Sunday
2026-06-08,245,2026,6,Monday
2026-06-09,190,2026,6,Tuesday
2026-06-10,188,2026,6,Wednesday
2026-06-11,200,2026,6,Thursday
2026-06-12,193,2026,6,Friday
2026-06-13,194,2026,6,Saturday
2026-06-14,182,2026,6,Sunday
2026-06-15,220,2026,6,Monday
2026-06-16,163,2026,6,Tuesday
2026-06-17,168,2026,6,Wednesday
2026-06-18,205,2026,6,Thursday
2026-06-19,161,2026,6,Friday
2026-06-20,13,2026,6,Saturday
